Twitter - Web,,,,
,,,,
Home,Tweet,,,
,Feed,,,
,Who to follow,,,
,Find people you know,,,
,Following,,,
,Followers,,,
,"""In case you missed it...""",,,
,Trends for you,,,
,,,,
Search Twitter,Search,,,
,Connect,Find friends,,
,,"""Because you follow [insert users]""",,
,,"""People you may know""",,
,,"""Popular near you""",,
,,"""Write new Tweet""",,
,Trends for you,,,
,Today's Moments,,,
,Explore All,,,
,Popular Articles,,,
,Live Video,,,
,,,,
Moments,Today,,,
,Fun,,,
,Entertainment,,,
,Sports,,,
,News,,,
,Create new moment,,,
,,,,
Notifications,All,,,
,mentions,,,
,trends for you,,,
,Who to follow,,,
,Find people you know,,,
,Settings,,,
Messages,Mark all as read,,,
,new message,,,
,start a conversation,,,
Search Twitter,,,,
Tweets,,,,
Profile and settings,Profile,Tweets,,
,,Following,,
,,Followers,,
,,Likes,,
,,Lists,Subscribed to,
,,,Member of,
,,,Create a list,
,,,who to follow,
,,,trends for you,
,,moments,create a moment,
,,,who to follow,
,,,trends for you,
,,tweets and replies,,
,,edit profile,,
,,who to follow,,
,,trends for you,,
,lists,subscribed to,,
,,member of,,
,,create a list,,
,,who to follow,,
,,trends for you,,
,moments,create a moment,,
,,who to follow,,
,,trends for you,,
,twitter ads,,,
,analytics,,,
,settings and privacy,account,username,
,,,email,
,,,language,
,,,timezone,
,,,login verification,
,,,password reset verification,
,,,country,
,,,video autoplay,
,,,show the best tweets first,
,,,request your archive,
,,,deactivate your account,
,,privacy and safety,protect your tweets,
,,,tweet your location,
,,,delete location information,
,,,photo tagging,
,,,discoverability,
,,,address book,
,,,personalizationa nd data,
,,,twitter for teams,
,,,receive direct messages from anyone,
,,,hide sensitive content,
,,,remove blocked and muted accounts,
,,,display media that may contain sensitive content,
,,,mark media you tweet as containing material that may be sensitive,
,,password,current password,
,,,newpassword,
,,,verifypassword,
,,,save changes,
,,email,,
,,mobile,country/region,
,,,phone number continue,
,,,download twitter app,
,,email notifications,email is enabled,
,,,you have new notifications,
,,,you're sent a direct message,
,,,someone emails a tweet to you,
,,,top stories and tweet,
,,,updates about the performance of your tweets,
,,,news about twitter product and feature updates,
,,,tips on getting more out of twitter,
,,,things you missed since you last logged into twitter,
,,,news about twitter on partner products and other third party services,
,,,participation in twitter research surveys,
,,,suggestions for recommended accounts,
,,,suggestions base on your recent follows,
,,,tips on twitter business products,
,,notifications,mute notifications from people,you don't know
,,,,who don't follow you
,,,,with a new account
,,,,who have a default profile picture
,,,,who haven't confirmed their email
,,,,who haven't confirmed their phone number
,,,,quality filter
,,web notifications,turn on browser notifications,
,,find friends,Gmail Search Contacts,
,,,Outlook Search Contacts,
,,muted accounts,all,
,,,following,
,,muted words,address book,
,,blocked accounts,all,
,,,imported,
,,apps,Facebook Connect,
,,,Twitter for iPhone,
,,,Twitter for Android,
,,,iOS,
,,widgets,create new widget,
,,your twitter data,username,
,,,email is enabled,
,,,phone,
,,,account creation,
,,,gender,
,,,age,
,,,languages,
,,,phones,
,,,browsers,
,,,devices,
,,,account access history,
,,,places you've been,
,,,apps on your devices,
,,,interests from twitter,
,,,interests from partners,
,,,contacts,
,,,twitter archives,
,,,connect apps,
,,,muted accounts,
,,,blocked accounts,
,,,request your data,
,,accessibility,compose image descriptions,
,,,video autoplay,
,,,,
Twitter Android,,,,
,,,,
Home,Avatar,,,
,Feed,,,
,,,,
Search,Recommended category,,,
,Explode All,,,
,Popular Articles,,,
,Today's Moments,,,
,Trends for you,,,
,News,,,
,,,,
Notifications,Options,,,
,Mentions,,,
,All,,,
,,,,
Messages,Messages,,,
,,,,
Notifications - Options,Push Notifications,,,
,Unread Notification Count Badge,,,
,Muted Words,,,
,Advanced Filters,,,
,Qualtiy Filter,,,
,,,,
Compose Tweet,Tweet,,,
,Location,,,
,Poll,,,
,Gif,,,
,Picture,,,
,Accounts,,,
,,,,
Profile,Followers,,,
,Following,,,
,Likes,,,
,Media,,,
,Tweets & Replies,,,
,Tweets & Replies,,,
,Triple Vertical Dots,,,
,Edit Profile,,,
,,,,
Profile - Triple Vertical Dots,QR Code,,,
,View moments,,,
,View lists,,,
,Drafts,,,
,Share,,,
,,,,
Individual Tweets,Dropdown,,,
,Likes,,,
,Retweet,,,
,Comment,,,
,,,,
Individual Tweets - Dropdown,Report tweet,,,
,Block,,,
,Muted Words,,,
,Follow/unfollow,,,
,Copy link to tweet,,,
,Share tweet,,,
,Send via direct message,,,
,Add to moment,,,
,,,,
Report Tweet,It's abusive or harmful,,,
,It displays a sensitive image,,,
,It's spam,,,
,I'm not interested in this tweet,,,
,,,,
Avatar,Add account,,,
,Create new account,,,
,QR Code,,,
,Night mode,,,
,Help center,,,
,Settings and privacy,,,
,Moments,,,
,Lists,,,
,Profile,,,
,Followers,,,
,Following,,,
,,,,
Settings and Privacy,Location and proxy,,,
,Accessibility,,,
,Data usage,,,
,Display and sound,,,
,Content preferences,,,
,Notifications,,,
,Privacy and Safety,,,
,Accounts,,,
,,,,
Account,Log out,,,
,Security,,,
,Password,,,
,Email,,,
,Phone Number,,,
,Username,,,
,,,,
Password,Forgot password,,,
,Confirm password,,,
,New password,,,
,Current password,,,
,,,,
Security,Login verification,,,
,,,,
Privacy and safety,Personalization and data,,,
,Muted words,,,
,Muted accounts,,,
,Blocked accounts,,,
,Display media that may contain sensitive content,,,
,Discoverability and contacts,,,
,Connect to periscope,,,
,Show read receipts,,,
,,,,
Advanced filters,Mute notifications from people who haven't confirmed their phone number,,,
,Mute notifications from people who haven't confirmed their email,,,
,Mute notifications from people who have a default profile photo,,,
,Mute notifications from people with a new account,,,
,Mute notifications from people who don't follow you,,,
,Mute notifications from people you don't follow,,,
,,,,
Push notifications,Notification light,,,
,Ringtone,,,
,Vibrate,,,
,First look at new features,,,
,Crisis and emergency alerts,,,
,Recommendations,,,
,News,,,
,Highlights,,,
,Contact join twitter,,,
,Moents,,,
,Direct messages,,,
,New followers,,,
,Photo tags,,,
,Likes,,,
,Retweets,,,
,Mentions and replies,,,
,Tweets,,,
,,,,
Display and sound,Use in app browser,,,
,Sound effects,,,
,Night mode,,,
,,,,
Data usage,Sync interval,,,
,Sync data,,,
,High quality video,,,
,Video autoplay,,,
,Image previews in timeline,,,
,,,,
Accessibility,Reduce motion,,,
,Compose image descriptions,,,
,,,,
Location and proxy,Proxy,,,
,Location,,,
,,,,
About twitter,Legal notices,,,
,Cookie use,,,
,Privacy policy,,,
,Terms of service,,,
,Help center,,,
,,,,
Twitter - iOS,,,,
,,,,
Search Twitter,Search,,,
,Connect,Write new tweet,,
,,"""Popular near you""",,
,,"""people you may know""",,
,,"""Because you follow [insert user]""",,
,,Find friends,,
,Trends for you,,,
,Today's Moments,,,
,Explore All,,,
,Popular Articles,,,
,Live video,,,
,[suggested genres/tweets/user dependent on current following and acticity],,,
,,,,
Notifications,All,,,
,Mentions,,,
,Filters,,,
,,,,
Messages,New messages,,,
,Suggested users,,,
,,,,
Profile,Following,,,
,Followers,,,
,Profile ,Write new tweet,,
,,Tweets,,
,,Tweets and replies,,
,,Media,,
,,Likes,,
,,Set up profile,,
,Lists,Subscribed to,,
,,Member of,,
,,Create list,,
,Moments,Add moment,,
,Settings and privacy,Account,Username,
,,,phone,
,,,email,
,,,security,
,,,your twitter data,
,,,log out,
,,privacy and safety,protect your tweets,
,,,photo tagging,
,,,receive messages from anyone,
,,,show read receipts,
,,,connect to Periscope,
,,,discoverability and contacts,let others find you by email
,,,,let other find you by phone number
,,,,sync address book contacts
,,,,remove all contacts
,,,muted,muted words
,,,,muted accounts
,,,blocked accounts,all imported
,,notifications,quality filter,
,,,advanced filters,you don't follow
,,,,who don't follow you
,,,,with a new account
,,,,who have a default profile picture
,,,,who haven't confirmed their email
,,,,who haven't confirmed their phone number
,,,blocked accounts,
,,,push notifications,tweets
,,,,mentions and replies
,,,,retweet
,,,,likes
,,,,photo tages
,,,,new followers
,,,,direct messages
,,,,contact join twitter
,,,,highlights
,,,,news
,,,,recommendations
,,,,moments
,,,,crisis and emergency alerts
,,,,first look at new features
,,contact perferences,show the best tweets first,
,,,trends,
,,,muted,
,,,blocked accounts,
,,display and sound,sound effects,
,,,night mode,
,,data usage,image previews,
,,,video autoplay,
,,,media storage,
,,,web storage,
,,Accessibility,open links in reader view,
,,,"pronounce # as ""hashtage""",
,,,include usernames in timeline,
,,,read shortened URLs,
,,,magic tap action,
,,,increase color contrast,
,,,compose image descriptions,
,,,reduce motion,
,,,video autoplay,
,,about twitter,send crash reports,
,,,help center,
,,,terms of service,
,,,privacy policy,
,,,cookie use,
,,,legal notices,
,Help Center,,,
,User QR code,,,
,Night mode,,,
